{
  "build": "h2eaa2aa_0",
  "build_number": 0,
  "channel": "https://repo.anaconda.com/pkgs/main/win-64",
  "constrains": [],
  "depends": [
    "vs2015_runtime >=14.40.33807"
  ],
  "extracted_package_dir": "C:\\Users\\oknol\\anaconda3\\pkgs\\vc-14.40-h2eaa2aa_0",
  "files": [
    ".nonadmin"
  ],
  "fn": "vc-14.40-h2eaa2aa_0.conda",
  "legacy_bz2_md5": "da4006cc626cfa2ebfb179fb9e420067",
  "legacy_bz2_size": 9130,
  "license": "BSD-3-Clause",
  "license_family": "BSD",
  "link": {
    "source": "C:\\Users\\oknol\\anaconda3\\pkgs\\vc-14.40-h2eaa2aa_0",
    "type": 1
  },
  "md5": "80f26b3a9e975d3e119f6fc41a4c82ae",
  "name": "vc",
  "package_tarball_full_path": "C:\\Users\\oknol\\anaconda3\\pkgs\\vc-14.40-h2eaa2aa_0.conda",
  "paths_data": {
    "paths": [],
    "paths_version": 1
  },
  "requested_spec": "None",
  "sha256": "e92cec63a4af5cc089b5f19df35278549e642391665eaad44913257078e0e073",
  "size": 10195,
  "subdir": "win-64",
  "timestamp": 1723135664034,
  "track_features": "vc14",
  "url": "https://repo.anaconda.com/pkgs/main/win-64/vc-14.40-h2eaa2aa_0.conda",
  "version": "14.40"
}