{
  "build": "py37haa95532_0",
  "build_number": 0,
  "channel": "https://repo.anaconda.com/pkgs/main/win-64",
  "constrains": [],
  "depends": [
    "python >=3.7,<3.8.0a0"
  ],
  "extracted_package_dir": "C:\\Users\\oknol\\anaconda3\\pkgs\\wheel-0.38.4-py37haa95532_0",
  "files": [
    "Lib/site-packages/wheel-0.38.4-py3.7.egg-info/PKG-INFO",
    "Lib/site-packages/wheel-0.38.4-py3.7.egg-info/SOURCES.txt",
    "Lib/site-packages/wheel-0.38.4-py3.7.egg-info/dependency_links.txt",
    "Lib/site-packages/wheel-0.38.4-py3.7.egg-info/entry_points.txt",
    "Lib/site-packages/wheel-0.38.4-py3.7.egg-info/not-zip-safe",
    "Lib/site-packages/wheel-0.38.4-py3.7.egg-info/requires.txt",
    "Lib/site-packages/wheel-0.38.4-py3.7.egg-info/top_level.txt",
    "Lib/site-packages/wheel/__init__.py",
    "Lib/site-packages/wheel/__main__.py",
    "Lib/site-packages/wheel/__pycache__/__init__.cpython-37.pyc",
    "Lib/site-packages/wheel/__pycache__/__main__.cpython-37.pyc",
    "Lib/site-packages/wheel/__pycache__/_setuptools_logging.cpython-37.pyc",
    "Lib/site-packages/wheel/__pycache__/bdist_wheel.cpython-37.pyc",
    "Lib/site-packages/wheel/__pycache__/macosx_libfile.cpython-37.pyc",
    "Lib/site-packages/wheel/__pycache__/metadata.cpython-37.pyc",
    "Lib/site-packages/wheel/__pycache__/util.cpython-37.pyc",
    "Lib/site-packages/wheel/__pycache__/wheelfile.cpython-37.pyc",
    "Lib/site-packages/wheel/_setuptools_logging.py",
    "Lib/site-packages/wheel/bdist_wheel.py",
    "Lib/site-packages/wheel/cli/__init__.py",
    "Lib/site-packages/wheel/cli/__pycache__/__init__.cpython-37.pyc",
    "Lib/site-packages/wheel/cli/__pycache__/convert.cpython-37.pyc",
    "Lib/site-packages/wheel/cli/__pycache__/pack.cpython-37.pyc",
    "Lib/site-packages/wheel/cli/__pycache__/unpack.cpython-37.pyc",
    "Lib/site-packages/wheel/cli/convert.py",
    "Lib/site-packages/wheel/cli/pack.py",
    "Lib/site-packages/wheel/cli/unpack.py",
    "Lib/site-packages/wheel/macosx_libfile.py",
    "Lib/site-packages/wheel/metadata.py",
    "Lib/site-packages/wheel/util.py",
    "Lib/site-packages/wheel/vendored/__init__.py",
    "Lib/site-packages/wheel/vendored/__pycache__/__init__.cpython-37.pyc",
    "Lib/site-packages/wheel/vendored/packaging/__init__.py",
    "Lib/site-packages/wheel/vendored/packaging/__pycache__/__init__.cpython-37.pyc",
    "Lib/site-packages/wheel/vendored/packaging/__pycache__/_manylinux.cpython-37.pyc",
    "Lib/site-packages/wheel/vendored/packaging/__pycache__/_musllinux.cpython-37.pyc",
    "Lib/site-packages/wheel/vendored/packaging/__pycache__/tags.cpython-37.pyc",
    "Lib/site-packages/wheel/vendored/packaging/_manylinux.py",
    "Lib/site-packages/wheel/vendored/packaging/_musllinux.py",
    "Lib/site-packages/wheel/vendored/packaging/tags.py",
    "Lib/site-packages/wheel/wheelfile.py",
    "Scripts/wheel-script.py",
    "Scripts/wheel.exe",
    ".nonadmin"
  ],
  "fn": "wheel-0.38.4-py37haa95532_0.conda",
  "legacy_bz2_md5": "893bc5e5edea3705011d6826bae1f343",
  "legacy_bz2_size": 78281,
  "license": "MIT",
  "license_family": "MIT",
  "link": {
    "source": "C:\\Users\\oknol\\anaconda3\\pkgs\\wheel-0.38.4-py37haa95532_0",
    "type": 1
  },
  "md5": "1bc1aa81b41fc8432ac907f3f1d28a87",
  "name": "wheel",
  "package_tarball_full_path": "C:\\Users\\oknol\\anaconda3\\pkgs\\wheel-0.38.4-py37haa95532_0.conda",
  "paths_data": {
    "paths": [
      {
        "_path": "Lib/site-packages/wheel-0.38.4-py3.7.egg-info/PKG-INFO",
        "path_type": "hardlink",
        "sha256": "731056c9fcca7065b0741f62cc08c16a20e710617d24236e601be20e85378d39",
        "sha256_in_prefix": "731056c9fcca7065b0741f62cc08c16a20e710617d24236e601be20e85378d39",
        "size_in_bytes": 2121
      },
      {
        "_path": "Lib/site-packages/wheel-0.38.4-py3.7.egg-info/SOURCES.txt",
        "path_type": "hardlink",
        "sha256": "5082fd55d385b979d4d1c28683b4d0b0f76c32f2d18dd0f260fb5e0a348bb589",
        "sha256_in_prefix": "5082fd55d385b979d4d1c28683b4d0b0f76c32f2d18dd0f260fb5e0a348bb589",
        "size_in_bytes": 2373
      },
      {
        "_path": "Lib/site-packages/wheel-0.38.4-py3.7.egg-info/dependency_links.txt",
        "path_type": "hardlink",
        "sha256": "01ba4719c80b6fe911b091a7c05124b64eeece964e09c058ef8f9805daca546b",
        "sha256_in_prefix": "01ba4719c80b6fe911b091a7c05124b64eeece964e09c058ef8f9805daca546b",
        "size_in_bytes": 1
      },
      {
        "_path": "Lib/site-packages/wheel-0.38.4-py3.7.egg-info/entry_points.txt",
        "path_type": "hardlink",
        "sha256": "92b83e88729e7e7b24d6abcd2c39193f7fb802adc9d05ff325a6ad861b742412",
        "sha256_in_prefix": "92b83e88729e7e7b24d6abcd2c39193f7fb802adc9d05ff325a6ad861b742412",
        "size_in_bytes": 107
      },
      {
        "_path": "Lib/site-packages/wheel-0.38.4-py3.7.egg-info/not-zip-safe",
        "path_type": "hardlink",
        "sha256": "01ba4719c80b6fe911b091a7c05124b64eeece964e09c058ef8f9805daca546b",
        "sha256_in_prefix": "01ba4719c80b6fe911b091a7c05124b64eeece964e09c058ef8f9805daca546b",
        "size_in_bytes": 1
      },
      {
        "_path": "Lib/site-packages/wheel-0.38.4-py3.7.egg-info/requires.txt",
        "path_type": "hardlink",
        "sha256": "56693d2a4c6ad40f15f029c092c0fd76abbfe8a08d45948f2b199e6dce39ce2b",
        "sha256_in_prefix": "56693d2a4c6ad40f15f029c092c0fd76abbfe8a08d45948f2b199e6dce39ce2b",
        "size_in_bytes": 22
      },
      {
        "_path": "Lib/site-packages/wheel-0.38.4-py3.7.egg-info/top_level.txt",
        "path_type": "hardlink",
        "sha256": "1f148121b804b2d30f7b87856b0840eba32af90607328a5756802771f8dbff57",
        "sha256_in_prefix": "1f148121b804b2d30f7b87856b0840eba32af90607328a5756802771f8dbff57",
        "size_in_bytes": 6
      },
      {
        "_path": "Lib/site-packages/wheel/__init__.py",
        "path_type": "hardlink",
        "sha256": "db026b83eb702551c86d55ef7998f1c8cb718de9593957dff5b9e14c1b7779e7",
        "sha256_in_prefix": "db026b83eb702551c86d55ef7998f1c8cb718de9593957dff5b9e14c1b7779e7",
        "size_in_bytes": 59
      },
      {
        "_path": "Lib/site-packages/wheel/__main__.py",
        "path_type": "hardlink",
        "sha256": "3643149ee4c219c3a4818d0804b8010950bf04619c58e471d8af236064b5d941",
        "sha256_in_prefix": "3643149ee4c219c3a4818d0804b8010950bf04619c58e471d8af236064b5d941",
        "size_in_bytes": 455
      },
      {
        "_path": "Lib/site-packages/wheel/__pycache__/__init__.cpython-37.pyc",
        "path_type": "hardlink",
        "sha256": "a84b1e490a008bffce2433212c255231d6eb3aa32f92484e77d2c64557f845f2",
        "sha256_in_prefix": "a84b1e490a008bffce2433212c255231d6eb3aa32f92484e77d2c64557f845f2",
        "size_in_bytes": 195
      },
      {
        "_path": "Lib/site-packages/wheel/__pycache__/__main__.cpython-37.pyc",
        "path_type": "hardlink",
        "sha256": "686cbbc63d29e7b437a8c5b7a10956b5d7b1dc100996db3e329d4849e3e9f6bb",
        "sha256_in_prefix": "686cbbc63d29e7b437a8c5b7a10956b5d7b1dc100996db3e329d4849e3e9f6bb",
        "size_in_bytes": 583
      },
      {
        "_path": "Lib/site-packages/wheel/__pycache__/_setuptools_logging.cpython-37.pyc",
        "path_type": "hardlink",
        "sha256": "3598301f09453936eccc96e27ea5cfd33ee2846210c55ac441fbb15b20829c5c",
        "sha256_in_prefix": "3598301f09453936eccc96e27ea5cfd33ee2846210c55ac441fbb15b20829c5c",
        "size_in_bytes": 889
      },
      {
        "_path": "Lib/site-packages/wheel/__pycache__/bdist_wheel.cpython-37.pyc",
        "path_type": "hardlink",
        "sha256": "28c21e8243182b5672f5c56302dac8cd844fc5c1309eec496c532ae4da1f0dd8",
        "sha256_in_prefix": "28c21e8243182b5672f5c56302dac8cd844fc5c1309eec496c532ae4da1f0dd8",
        "size_in_bytes": 12955
      },
      {
        "_path": "Lib/site-packages/wheel/__pycache__/macosx_libfile.cpython-37.pyc",
        "path_type": "hardlink",
        "sha256": "b6ea3c88eae4c19d92fa565fd983b641b17e45464de008d81cdcd9f3b55115ce",
        "sha256_in_prefix": "b6ea3c88eae4c19d92fa565fd983b641b17e45464de008d81cdcd9f3b55115ce",
        "size_in_bytes": 9929
      },
      {
        "_path": "Lib/site-packages/wheel/__pycache__/metadata.cpython-37.pyc",
        "path_type": "hardlink",
        "sha256": "914c4bf69bba3c9d666a702948b0d47ef7bd0dab41055b812fb6fd2745d3e666",
        "sha256_in_prefix": "914c4bf69bba3c9d666a702948b0d47ef7bd0dab41055b812fb6fd2745d3e666",
        "size_in_bytes": 3266
      },
      {
        "_path": "Lib/site-packages/wheel/__pycache__/util.cpython-37.pyc",
        "path_type": "hardlink",
        "sha256": "ba2a22eafdb2b95256b7eeab6dc251d118ffc4f0cbda600be2bed9f6c90f1eab",
        "sha256_in_prefix": "ba2a22eafdb2b95256b7eeab6dc251d118ffc4f0cbda600be2bed9f6c90f1eab",
        "size_in_bytes": 815
      },
      {
        "_path": "Lib/site-packages/wheel/__pycache__/wheelfile.cpython-37.pyc",
        "path_type": "hardlink",
        "sha256": "ff6b7332d34773f09ccd4f8b6c7e4469ac247247e60cd50c0923cf1d09c3ca5b",
        "sha256_in_prefix": "ff6b7332d34773f09ccd4f8b6c7e4469ac247247e60cd50c0923cf1d09c3ca5b",
        "size_in_bytes": 5518
      },
      {
        "_path": "Lib/site-packages/wheel/_setuptools_logging.py",
        "path_type": "hardlink",
        "sha256": "3680a78c9e03144678e44a3ed817572ec5890b01a46a2b75b69ff5ee96a5795c",
        "sha256_in_prefix": "3680a78c9e03144678e44a3ed817572ec5890b01a46a2b75b69ff5ee96a5795c",
        "size_in_bytes": 746
      },
      {
        "_path": "Lib/site-packages/wheel/bdist_wheel.py",
        "path_type": "hardlink",
        "sha256": "93f81e7b6c98e137c3aff7513837320aca3a22da627532e3e8965f6ef67ddea9",
        "sha256_in_prefix": "93f81e7b6c98e137c3aff7513837320aca3a22da627532e3e8965f6ef67ddea9",
        "size_in_bytes": 19293
      },
      {
        "_path": "Lib/site-packages/wheel/cli/__init__.py",
        "path_type": "hardlink",
        "sha256": "35587cc7bf501b26f06692f954c42042ffb3c1283feae2ac6155db215464a50e",
        "sha256_in_prefix": "35587cc7bf501b26f06692f954c42042ffb3c1283feae2ac6155db215464a50e",
        "size_in_bytes": 2384
      },
      {
        "_path": "Lib/site-packages/wheel/cli/__pycache__/__init__.cpython-37.pyc",
        "path_type": "hardlink",
        "sha256": "e2d10e1a389362754b91d0f304e683342ed1972a3c42ad4a50a08e39e0fde171",
        "sha256_in_prefix": "e2d10e1a389362754b91d0f304e683342ed1972a3c42ad4a50a08e39e0fde171",
        "size_in_bytes": 2723
      },
      {
        "_path": "Lib/site-packages/wheel/cli/__pycache__/convert.cpython-37.pyc",
        "path_type": "hardlink",
        "sha256": "6232b035110f74375a339a64f73db5449642f11306b27e9739c147888dbbb3e1",
        "sha256_in_prefix": "6232b035110f74375a339a64f73db5449642f11306b27e9739c147888dbbb3e1",
        "size_in_bytes": 6172
      },
      {
        "_path": "Lib/site-packages/wheel/cli/__pycache__/pack.cpython-37.pyc",
        "path_type": "hardlink",
        "sha256": "220a5991aa5d7a4f257c29de625364c422d23d45cb07dfa5b6be8b53175c2d9f",
        "sha256_in_prefix": "220a5991aa5d7a4f257c29de625364c422d23d45cb07dfa5b6be8b53175c2d9f",
        "size_in_bytes": 2832
      },
      {
        "_path": "Lib/site-packages/wheel/cli/__pycache__/unpack.cpython-37.pyc",
        "path_type": "hardlink",
        "sha256": "ee6487591b54c46d43f50ed7377df00ca74a90bda5c12f1f0ccfcb9f4d8ed12f",
        "sha256_in_prefix": "ee6487591b54c46d43f50ed7377df00ca74a90bda5c12f1f0ccfcb9f4d8ed12f",
        "size_in_bytes": 884
      },
      {
        "_path": "Lib/site-packages/wheel/cli/convert.py",
        "path_type": "hardlink",
        "sha256": "b2451fe13b99724b2a1bbe49fbf2949055dd9980f14c9a4fdf5d4ed7a70d279d",
        "sha256_in_prefix": "b2451fe13b99724b2a1bbe49fbf2949055dd9980f14c9a4fdf5d4ed7a70d279d",
        "size_in_bytes": 9427
      },
      {
        "_path": "Lib/site-packages/wheel/cli/pack.py",
        "path_type": "hardlink",
        "sha256": "cd0d73989a2e37c63cea1089de54da2a1ea0ed26ea800d8cb8a3f5c18faf8dfc",
        "sha256_in_prefix": "cd0d73989a2e37c63cea1089de54da2a1ea0ed26ea800d8cb8a3f5c18faf8dfc",
        "size_in_bytes": 3383
      },
      {
        "_path": "Lib/site-packages/wheel/cli/unpack.py",
        "path_type": "hardlink",
        "sha256": "414fce54c0af616b6b8d06b5f19e5929a67018122602a248cd0a2462ddaeddb2",
        "sha256_in_prefix": "414fce54c0af616b6b8d06b5f19e5929a67018122602a248cd0a2462ddaeddb2",
        "size_in_bytes": 659
      },
      {
        "_path": "Lib/site-packages/wheel/macosx_libfile.py",
        "path_type": "hardlink",
        "sha256": "39733a393c753bf0022c6044d90f69ac81e3e3bb969194994ae33fef9e96f3d4",
        "sha256_in_prefix": "39733a393c753bf0022c6044d90f69ac81e3e3bb969194994ae33fef9e96f3d4",
        "size_in_bytes": 16145
      },
      {
        "_path": "Lib/site-packages/wheel/metadata.py",
        "path_type": "hardlink",
        "sha256": "fba9f5fa11fc62d99457ccecad17f6d3a8973c9256c84f6daa5a99bf95c6a528",
        "sha256_in_prefix": "fba9f5fa11fc62d99457ccecad17f6d3a8973c9256c84f6daa5a99bf95c6a528",
        "size_in_bytes": 3727
      },
      {
        "_path": "Lib/site-packages/wheel/util.py",
        "path_type": "hardlink",
        "sha256": "7b48e99ec6db33d42169a312c9aa7efd9814c5cc70a722c393a44772b76e3cb8",
        "sha256_in_prefix": "7b48e99ec6db33d42169a312c9aa7efd9814c5cc70a722c393a44772b76e3cb8",
        "size_in_bytes": 621
      },
      {
        "_path": "Lib/site-packages/wheel/vendored/__init__.py",
        "path_type": "hardlink",
        "sha256": "e3b0c44298fc1c149afbf4c8996fb92427ae41e4649b934ca495991b7852b855",
        "sha256_in_prefix": "e3b0c44298fc1c149afbf4c8996fb92427ae41e4649b934ca495991b7852b855",
        "size_in_bytes": 0
      },
      {
        "_path": "Lib/site-packages/wheel/vendored/__pycache__/__init__.cpython-37.pyc",
        "path_type": "hardlink",
        "sha256": "0dee083daf269cabf823f8c47f063bf60c2e4f15e88eeb7b9ab42374c3afbcc0",
        "sha256_in_prefix": "0dee083daf269cabf823f8c47f063bf60c2e4f15e88eeb7b9ab42374c3afbcc0",
        "size_in_bytes": 131
      },
      {
        "_path": "Lib/site-packages/wheel/vendored/packaging/__init__.py",
        "path_type": "hardlink",
        "sha256": "e3b0c44298fc1c149afbf4c8996fb92427ae41e4649b934ca495991b7852b855",
        "sha256_in_prefix": "e3b0c44298fc1c149afbf4c8996fb92427ae41e4649b934ca495991b7852b855",
        "size_in_bytes": 0
      },
      {
        "_path": "Lib/site-packages/wheel/vendored/packaging/__pycache__/__init__.cpython-37.pyc",
        "path_type": "hardlink",
        "sha256": "fb68c36ec4b7e3c50c13b604dea70f5e25c1e39e0088f8bbbee622a4e2613ac4",
        "sha256_in_prefix": "fb68c36ec4b7e3c50c13b604dea70f5e25c1e39e0088f8bbbee622a4e2613ac4",
        "size_in_bytes": 141
      },
      {
        "_path": "Lib/site-packages/wheel/vendored/packaging/__pycache__/_manylinux.cpython-37.pyc",
        "path_type": "hardlink",
        "sha256": "93eea65288685759fc56015c87e714eeacee13b1feb5fd6835086ac084996634",
        "sha256_in_prefix": "93eea65288685759fc56015c87e714eeacee13b1feb5fd6835086ac084996634",
        "size_in_bytes": 7204
      },
      {
        "_path": "Lib/site-packages/wheel/vendored/packaging/__pycache__/_musllinux.cpython-37.pyc",
        "path_type": "hardlink",
        "sha256": "bd90268e8eb79224a3f8747fd637b76892f2c7a5ac8a2e3ec5a0bbf5d61d4edb",
        "sha256_in_prefix": "bd90268e8eb79224a3f8747fd637b76892f2c7a5ac8a2e3ec5a0bbf5d61d4edb",
        "size_in_bytes": 4542
      },
      {
        "_path": "Lib/site-packages/wheel/vendored/packaging/__pycache__/tags.cpython-37.pyc",
        "path_type": "hardlink",
        "sha256": "b948ad3f1506c4e9c72c0560cb88092a00db286c2483c28a94f84f67c10df29c",
        "sha256_in_prefix": "b948ad3f1506c4e9c72c0560cb88092a00db286c2483c28a94f84f67c10df29c",
        "size_in_bytes": 12091
      },
      {
        "_path": "Lib/site-packages/wheel/vendored/packaging/_manylinux.py",
        "path_type": "hardlink",
        "sha256": "d4e58a003eb1b604e038654486e8c55aa177e495aa32f40bc59119d9094723d8",
        "sha256_in_prefix": "d4e58a003eb1b604e038654486e8c55aa177e495aa32f40bc59119d9094723d8",
        "size_in_bytes": 11489
      },
      {
        "_path": "Lib/site-packages/wheel/vendored/packaging/_musllinux.py",
        "path_type": "hardlink",
        "sha256": "93dbd98f8b66c7412517edb2f21ee06f3d3dcc27e112367d6506de66be6c55db",
        "sha256_in_prefix": "93dbd98f8b66c7412517edb2f21ee06f3d3dcc27e112367d6506de66be6c55db",
        "size_in_bytes": 4374
      },
      {
        "_path": "Lib/site-packages/wheel/vendored/packaging/tags.py",
        "path_type": "hardlink",
        "sha256": "33f0d0238cc69cfab786c455f505987f94a830998107dd60aaa1bd26dcaffa6f",
        "sha256_in_prefix": "33f0d0238cc69cfab786c455f505987f94a830998107dd60aaa1bd26dcaffa6f",
        "size_in_bytes": 15612
      },
      {
        "_path": "Lib/site-packages/wheel/wheelfile.py",
        "path_type": "hardlink",
        "sha256": "f6259639672f5574b1dba61d7caf50a6d440d4e1de4518ea128ecf11beb7d662",
        "sha256_in_prefix": "f6259639672f5574b1dba61d7caf50a6d440d4e1de4518ea128ecf11beb7d662",
        "size_in_bytes": 7536
      },
      {
        "_path": "Scripts/wheel-script.py",
        "path_type": "hardlink",
        "sha256": "f81e86d226fd97f3a9fb708b803859f8922740e5b62a4577b0b6b8b1d6b8e333",
        "sha256_in_prefix": "f81e86d226fd97f3a9fb708b803859f8922740e5b62a4577b0b6b8b1d6b8e333",
        "size_in_bytes": 203
      },
      {
        "_path": "Scripts/wheel.exe",
        "path_type": "hardlink",
        "sha256": "5ea569f2b5bc9c273351641a1a3c52821ce2a9370bc8202f0247c793ebd8a618",
        "sha256_in_prefix": "5ea569f2b5bc9c273351641a1a3c52821ce2a9370bc8202f0247c793ebd8a618",
        "size_in_bytes": 41984
      }
    ],
    "paths_version": 1
  },
  "requested_spec": "None",
  "sha256": "595e71bf880b3f8b3c169c5f7505ebdf60a70777d8f433b668464cbfd3f2de98",
  "size": 84434,
  "subdir": "win-64",
  "timestamp": 1676622059176,
  "url": "https://repo.anaconda.com/pkgs/main/win-64/wheel-0.38.4-py37haa95532_0.conda",
  "version": "0.38.4"
}