{
  "build": "py37haa95532_2",
  "build_number": 2,
  "channel": "https://repo.anaconda.com/pkgs/main/win-64",
  "constrains": [],
  "depends": [
    "python >=3.7,<3.8.0a0"
  ],
  "extracted_package_dir": "C:\\Users\\oknol\\anaconda3\\pkgs\\wincertstore-0.2-py37haa95532_2",
  "files": [
    "Lib/site-packages/__pycache__/wincertstore.cpython-37.pyc",
    "Lib/site-packages/wincertstore-0.2-py3.7.egg-info",
    "Lib/site-packages/wincertstore.py",
    ".nonadmin"
  ],
  "fn": "wincertstore-0.2-py37haa95532_2.conda",
  "legacy_bz2_md5": "a34766ecb033b8ed5d2e124f71e5e853",
  "legacy_bz2_size": 15467,
  "license": "PSF 2",
  "link": {
    "source": "C:\\Users\\oknol\\anaconda3\\pkgs\\wincertstore-0.2-py37haa95532_2",
    "type": 1
  },
  "md5": "c81906e16fe22e8c480bfdcea5d58599",
  "name": "wincertstore",
  "package_tarball_full_path": "C:\\Users\\oknol\\anaconda3\\pkgs\\wincertstore-0.2-py37haa95532_2.conda",
  "paths_data": {
    "paths": [
      {
        "_path": "Lib/site-packages/__pycache__/wincertstore.cpython-37.pyc",
        "path_type": "hardlink",
        "sha256": "390b621c47c705b16468145936ca4509585b034ddfe351174ba019aaa839806f",
        "sha256_in_prefix": "390b621c47c705b16468145936ca4509585b034ddfe351174ba019aaa839806f",
        "size_in_bytes": 11004
      },
      {
        "_path": "Lib/site-packages/wincertstore-0.2-py3.7.egg-info",
        "path_type": "hardlink",
        "sha256": "be59641c20270fd1bd0dd362080d9f1c33586f91971f9cc5630f0b338f119184",
        "sha256_in_prefix": "be59641c20270fd1bd0dd362080d9f1c33586f91971f9cc5630f0b338f119184",
        "size_in_bytes": 5788
      },
      {
        "_path": "Lib/site-packages/wincertstore.py",
        "path_type": "hardlink",
        "sha256": "9eb1879f68dcdd125eb0ed737ed331f16e335a6a5208ec9f26fd3dd6220cfd08",
        "sha256_in_prefix": "9eb1879f68dcdd125eb0ed737ed331f16e335a6a5208ec9f26fd3dd6220cfd08",
        "size_in_bytes": 11873
      }
    ],
    "paths_version": 1
  },
  "requested_spec": "None",
  "sha256": "ba28e61eab94884bb6aa8dbcf92375c7445ba0d0ba3d14a08a0563cda6432b51",
  "size": 15625,
  "subdir": "win-64",
  "timestamp": 1633019083455,
  "url": "https://repo.anaconda.com/pkgs/main/win-64/wincertstore-0.2-py37haa95532_2.conda",
  "version": "0.2"
}